Days,00:00:00,01:00:00,02:00:00,03:00:00,04:00:00,05:00:00,06:00:00,07:00:00,08:00:00,09:00:00,10:00:00,11:00:00,12:00:00,13:00:00,14:00:00,15:00:00,16:00:00,17:00:00,18:00:00,19:00:00,20:00:00,21:00:00,22:00:00,23:00:00
1,265,211.0,204.0,191,186.0,184.0,161.0,143,151.0,162,183.0,202,196,166.0,150.0,124.0,128,122.0,111.0,111.0,180.0,240,260.0,280.0
2,313,332.0,327.0,300,293.0,278.0,270.0,272,274.0,270,288.0,316,315,336.0,399.0,390.0,384,392.0,378.0,349.0,349.0,350,339.0,331.0
3,328,302.0,316.0,323,340.0,346.0,353.0,363,370.0,366,375.0,300,305,332.0,418.0,404.0,394,374.0,360.0,381.0,374.0,383,404.0,397.0
4,376,355.0,343.0,347,332.0,337.0,327.0,304,275.0,249,274.0,270,260,262.0,309.0,293.0,293,285.0,282.0,275.0,300.0,328,372.0,377.0
5,388,376.0,378.0,375,357.0,326.0,283.0,203,157.0,155,201.0,217,246,286.0,300.0,292.0,293,298.0,318.0,256.0,340.0,359,390.0,396.0
6,390,337.0,323.0,324,345.0,347.0,359.0,375,372.0,366,372.0,403,393,408.0,418.0,418.0,406,368.0,338.0,340.0,349.0,371,380.0,395.0
7,398,399.0,404.0,399,387.0,391.0,329.0,304,248.0,219,216.0,261,266,282.0,294.0,296.0,276,294.0,299.0,309.0,348.0,369,406.0,410.0
8,402,388.0,368.0,349,342.0,332.0,287.0,230,181.0,167,205.0,248,274,287.0,327.0,336.0,327,317.0,326.0,340.0,367.0,409,434.0,440.0
9,425,423.0,419.0,398,406.0,391.0,377.0,274,307.0,332,353.0,415,467,487.0,500.0,490.0,459,439.0,457.0,475.0,480.0,480,455.0,456.0
10,460,439.0,426.0,401,378.0,362.0,296.0,220,163.0,221,241.0,241,168,194.0,226.0,218.0,189,249.0,248.0,224.0,303.0,334,359.0,349.0
11,340,340.0,347.0,294,228.0,201.0,173.0,161,136.0,122,151.0,192,252,213.0,250.0,291.0,287,282.0,314.0,318.0,324.0,327,331.0,329.0
12,320,312.0,312.0,320,320.0,324.0,322.0,325,322.0,319,333.0,335,329,336.0,298.0,309.0,296,281.0,269.0,294.0,301.0,306,310.0,306.0
13,309,310.0,318.0,310,314.0,313.0,317.0,314,314.0,312,320.0,324,325,326.0,331.0,332.0,324,322.0,331.0,319.0,322.0,319,324.0,314.0
14,308,302.0,301.0,292,280.0,284.0,299.0,291,286.0,288,270.0,267,268,246.0,244.0,240.0,214,156.0,141.0,134.0,131.0,154,189.0,166.0
15,152,126.0,88.0,114,112.0,88.0,114.0,130,102.0,109,126.0,135,128,119.0,119.0,120.0,125,126.0,107.0,108.0,130.0,213,248.0,256.0
16,253,268.0,280.0,284,251.0,252.0,242.0,224,224.0,242,272.0,247,214,193.0,165.0,157.0,146,140.0,142.0,156.0,188.0,261,327.0,348.0
17,356,349.0,338.0,326,308.0,286.0,269.0,292,286.0,298,309.0,281,229,173.0,137.0,125.0,125,101.0,94.0,98.0,145.0,226,296.0,347.0
18,361,369.0,380.0,371,351.0,338.0,341.0,331,331.0,335,340.0,350,305,226.0,205.0,163.0,143,140.0,148.0,172.0,278.0,343,406.0,418.0
19,447,405.0,386.0,371,356.0,346.0,338.0,334,333.0,339,351.0,339,292,262.0,268.0,264.0,262,259.0,258.0,276.0,299.0,328,388.0,400.0
20,382,353.0,346.0,330,279.0,181.0,120.0,76,67.0,63,90.0,93,96,96.0,85.0,97.0,91,85.0,93.0,113.0,130.0,172,230.0,250.0
21,270,210.5686813186813,205.7912087912088,187,197.0,212.0,218.0,210,220.0,253,312.0,349,361,283.0,321.0,323.0,321,322.0,325.0,327.0,344.0,392,416.0,422.0
22,427,421.0,415.0,411,403.0,390.0,387.0,379,377.0,385,405.0,407,379,327.0,259.0,234.0,187,175.0,206.0,259.0,299.0,360,392.0,406.0
23,410,404.0,372.0,340,317.0,285.0,264.0,254,276.0,307,375.0,298,312,227.0,205.0,173.0,177,201.0,219.0,254.0,315.0,350,374.0,380.0
24,390,402.0,408.0,357,345.0,342.0,336.0,306,234.0,165,111.0,92,83,101.0,100.0,74.0,67,89.0,87.0,82.0,93.0,102,107.0,87.0
25,87,111.0,119.0,102,116.0,127.0,94.0,95,113.0,159,233.0,266,228,265.0,264.0,253.0,261,233.0,212.0,222.0,231.0,234,224.0,221.0
26,234,247.0,254.0,239,239.0,260.0,263.0,273,282.0,282,279.0,253,254,283.0,295.0,299.0,290,292.0,271.0,271.0,268.0,293,287.0,283.0
27,249,204.0,188.0,162,161.0,154.0,151.0,161,160.0,176,210.0,204,195,180.0,182.0,174.0,204,206.0,186.0,178.0,176.0,197,224.0,209.0
28,225,212.0,216.0,186,191.0,194.0,173.0,200,168.0,165,194.0,216,217,180.0,185.0,144.0,122,121.0,128.0,177.0,241.0,275,323.0,367.0
29,372,374.0,369.0,374,358.0,340.0,331.0,324,333.0,361,341.0,331,292,299.0,175.0,158.0,172,147.0,127.0,179.0,190.0,180,238.0,246.0
30,248,228.0,154.0,120,92.0,72.0,59.0,61,61.0,61,34.0,54,57,60.0,43.0,62.0,73,81.0,80.0,78.0,85.0,161,181.0,238.0
31,242,226.0,253.0,232,208.0,194.0,157.0,161,123.0,116,122.0,114,117,80.0,109.0,102.0,95,110.0,121.0,140.0,167.0,179,202.0,197.0
32,183,196.0,165.0,160,165.0,133.0,134.0,154,143.0,128,145.0,154,133,128.0,116.0,103.0,92,111.0,107.0,125.0,152.0,158,172.0,178.0
33,177,158.0,151.0,159,135.0,140.0,133.0,141,166.0,164,173.0,168,170,156.0,159.0,144.0,133,150.0,137.0,128.0,166.0,208,225.0,233.0
34,226,207.0,181.0,173,172.0,165.0,153.0,159,161.0,203,220.0,217,200,200.0,175.0,138.0,128,114.0,103.0,104.0,134.0,244,303.0,332.0
35,337,335.0,325.0,320,273.0,258.0,242.0,245,245.0,261,271.0,229,227,215.0,191.0,168.0,164,146.0,134.0,149.0,205.0,265,314.0,335.0
36,321,309.0,259.0,249,218.0,237.0,231.0,240,239.0,267,274.0,241,228,201.0,89.0,100.0,88,113.0,149.0,178.0,201.0,209,280.0,282.0
37,287,284.0,253.0,228,212.0,201.0,193.0,198,207.0,239,237.0,241,232,237.0,234.0,140.0,130,156.0,160.0,227.0,252.0,313,328.0,330.0
38,322,326.0,327.0,320,318.0,325.0,309.0,315,323.0,330,339.0,319,279,132.0,126.0,129.0,136,84.0,110.0,100.0,76.0,82,83.0,160.0
39,163,158.0,143.0,131,149.0,167.0,153.0,152,152.0,192,219.0,204,197,167.0,161.0,73.0,56,154.0,108.0,106.0,131.0,196,250.0,262.0
40,274,286.0,283.0,272,244.0,250.0,238.0,233,235.0,284,328.0,337,333,315.0,293.0,206.0,195,179.0,165.0,164.0,155.0,191,187.0,181.0
41,184,176.0,158.0,190,261.0,195.0,170.0,170,187.0,195,219.0,231,232,232.0,218.0,230.0,218,214.0,208.0,213.0,233.0,239,264.0,280.0
42,282,287.0,287.0,281,263.0,260.0,261.0,255,278.0,289,315.0,343,289,336.0,293.0,296.0,290,255.0,251.0,285.0,278.0,267,285.0,286.0
43,275,222.0,193.0,172,152.0,143.0,181.0,177,157.0,173,192.0,172,180,169.0,171.0,205.0,196,190.0,188.0,175.0,158.0,135,130.0,127.0
44,122,117.0,112.0,109,104.0,102.0,101.0,101,112.0,122,156.0,198,232,229.0,166.0,248.0,229,205.0,177.0,152.0,135.0,134,135.0,128.0
45,123,119.0,115.0,114,112.0,114.0,115.0,113,182.0,237,260.0,258,291,145.0,132.0,144.0,129,112.0,125.0,121.0,137.0,160,179.0,179.0
46,191,197.0,202.0,219,216.0,211.0,186.0,189,192.0,207,239.0,159,151,133.0,131.0,162.0,165,156.0,161.0,158.0,184.0,215,244.0,283.0
47,273,296.0,188.0,315,251.0,246.0,269.0,276,327.0,335,329.0,308,301,219.0,308.0,298.0,281,293.0,283.0,278.0,297.0,319,341.0,391.0
48,420,309.0,432.0,390,414.0,388.0,374.0,426,298.0,277,289.0,305,280,238.0,209.0,280.0,293,300.0,302.0,301.0,319.0,330,344.0,369.0
49,381,391.0,428.0,445,321.0,323.0,334.0,339,384.0,418,454.0,315,288,262.0,323.0,318.0,275,225.0,198.0,242.0,285.0,318,335.0,351.0
50,359,369.0,371.0,368,362.0,346.0,336.0,331,332.0,360,366.0,355,347,332.0,324.0,317.0,311,276.0,272.0,293.0,309.0,343,351.0,328.0
51,315,316.0,316.0,309,297.0,298.0,298.0,303,314.0,335,338.0,333,323,303.0,264.0,221.0,228,237.0,234.0,246.0,241.0,313,347.0,308.0
52,274,252.0,225.0,215,220.0,198.0,205.0,230,267.0,270,272.0,257,260,242.0,261.0,265.0,230,199.0,207.0,227.0,263.0,291,317.0,340.0
53,343,348.0,331.0,339,335.0,331.0,323.0,319,311.0,306,307.0,310,316,249.0,264.0,321.0,291,214.0,163.0,174.0,204.0,272,266.0,303.0
54,322,316.0,308.0,312,313.0,290.0,243.0,218,190.0,234,184.0,189,159,114.0,68.0,84.0,96,97.0,118.0,118.0,114.0,131,137.0,131.0
55,137,135.0,154.0,160,167.0,168.0,167.0,163,193.0,219,267.0,260,168,151.0,144.0,131.0,121,121.0,112.0,117.0,144.0,212,255.0,276.0
56,284,273.0,275.0,312,194.0,202.0,190.0,265,198.0,328,363.0,348,217,202.0,196.0,176.0,152,140.0,125.0,206.0,279.0,219,352.0,272.0
57,274,281.0,252.0,259,265.0,321.0,324.0,324,328.0,332,343.0,275,226,191.0,183.0,162.0,151,142.0,119.0,134.0,151.0,184,237.0,254.0
58,254,271.0,262.0,252,250.0,240.0,286.0,298,310.0,329,343.0,299,309,295.0,199.0,138.0,135,122.0,127.0,123.0,209.0,217,253.0,255.0
59,290,307.0,310.0,302,295.0,288.0,275.0,268,266.0,300,307.0,281,181,143.0,149.0,203.0,185,164.0,147.0,141.0,159.0,160,166.0,174.0
60,165,149.0,129.0,152,175.0,96.0,104.0,112,129.0,120,119.0,134,137,138.0,132.0,133.0,146,172.0,161.0,159.0,177.0,211,230.0,260.0
61,282,286.0,233.0,288,261.0,180.0,160.0,213,223.0,252,294.0,280,250,225.0,168.0,138.0,113,112.0,106.0,117.0,141.0,144,175.0,181.0
62,185,197.0,204.0,199,202.0,206.0,195.0,159,151.0,172,184.0,145,140,147.0,121.0,120.0,109,99.0,114.0,132.0,108.0,123,135.0,126.0
63,122,100.0,96.0,103,106.0,102.0,101.0,105,130.0,159,145.0,156,168,186.0,156.0,136.0,116,108.0,119.0,123.0,127.0,134,142.0,145.0
64,144,131.0,115.0,115,123.0,125.0,100.0,130,157.0,129,126.0,126,121,109.0,99.0,86.0,83,80.0,78.0,74.0,82.0,90,97.0,105.0
65,114,122.0,122.0,112,110.0,129.0,145.0,146,133.0,126,142.0,144,146,115.0,89.0,95.0,92,91.0,88.0,87.0,106.0,117,172.0,208.0
66,221,159.0,155.0,163,182.0,239.0,232.0,176,250.0,266,287.0,223,155,111.0,97.0,76.0,70,68.0,68.0,54.0,66.0,91,158.0,212.0
67,267,313.0,309.0,312,197.01098901098905,301.0,286.0,282,286.0,289,286.0,233,175,122.0,139.0,97.0,79,62.0,57.0,65.0,64.0,85,112.0,119.0
68,154,128.0,105.0,91,69.0,53.0,50.0,51,54.0,61,78.0,87,110,85.0,74.0,94.0,94,101.0,107.0,105.0,108.0,165,192.0,202.0
69,214,199.0,195.0,182,180.0,184.0,192.0,225,236.0,243,276.0,246,203,164.0,140.0,117.0,106,120.0,102.0,101.0,100.0,117,135.0,155.0
70,176,187.0,221.0,227,222.0,227.0,231.0,209,203.0,285,315.0,285,225,166.0,139.0,105.0,81,74.0,76.0,67.0,75.0,147,202.0,235.0
71,254,272.0,292.0,281,257.0,246.0,237.0,217,254.0,240,289.0,225,169,145.0,165.0,121.0,95,93.0,80.0,80.0,93.0,142,167.0,189.0
72,213,244.0,244.0,241,241.0,235.0,241.0,230,244.0,250,265.0,296,243,224.0,156.0,149.0,120,108.0,142.0,126.0,133.0,176,234.0,249.0
73,262,271.0,264.0,267,279.0,260.0,262.0,269,275.0,319,310.0,291,234,216.0,174.0,143.0,135,105.0,125.0,122.0,136.0,163,183.0,217.0
74,229,235.0,209.0,193,197.0,192.0,186.0,189,185.0,220,253.0,210,140,127.0,112.0,103.0,143,140.0,93.0,102.0,173.0,227,230.0,236.0
75,259,261.0,267.0,243,238.0,238.0,220.0,204,168.0,177,204.0,128,103,100.0,114.0,119.0,122,124.0,98.0,131.0,145.0,139,147.0,135.0
76,117,113.0,114.0,120,115.0,103.0,106.0,117,91.0,124,142.0,260,256,254.0,273.0,255.0,200,163.0,160.2596685082873,166.56749311294766,177.0,191,221.0,225.0
77,216,226.0,216.0,222,261.0,251.0,245.0,190,193.0,201,188.0,160,151,160.0,154.0,186.0,143,131.0,91.0,88.0,100.0,109,84.0,80.0
78,92,105.0,102.0,99,99.0,102.0,94.0,101,124.0,159,152.0,145,155,121.0,142.0,110.0,103,103.0,143.0,139.0,104.0,91,83.0,87.0
79,86,83.0,80.0,82,87.0,114.0,113.0,92,106.0,135,145.0,107,114,104.0,109.0,116.0,98,94.0,89.0,109.0,91.0,87,61.0,40.0
80,41,46.0,47.0,49,50.0,53.0,58.0,63,72.0,80,80.0,85,87,93.0,90.0,109.0,124,93.0,82.0,98.0,75.0,128,148.0,142.0
81,178,166.0,159.0,155,151.0,148.0,145.0,159,165.0,186,235.0,235,218,189.0,154.0,118.0,91,105.0,120.0,124.0,148.0,157,132.0,124.0
82,157,129.0,134.0,139,136.0,127.0,112.0,93,86.0,98,116.0,117,129,121.0,114.0,101.0,92,84.0,98.0,107.0,105.0,197,228.0,240.0
83,249,250.0,251.0,235,240.0,234.0,242.0,249,285.0,318,308.0,200,169,156.0,105.0,77.0,55,59.0,73.0,89.0,97.0,91,107.0,103.0
84,85,49.0,48.0,73,73.0,74.0,76.0,58,42.0,45,47.0,66,59,68.0,79.0,69.0,72,67.0,69.0,74.0,89.0,151,192.0,198.0
85,191,195.0,205.0,206,200.0,192.0,187.0,160,142.0,160,138.0,122,143,141.0,154.0,163.0,170,173.0,170.0,184.0,199.0,211,220.0,222.0
86,213,171.0,140.0,128,121.0,122.0,141.0,164,181.0,192,203.0,173,137,129.0,129.0,111.0,98,100.0,86.0,85.0,86.0,97,119.0,153.0
87,166,176.0,167.0,142,132.0,126.0,125.0,128,149.0,218,249.0,215,169,141.0,110.0,85.0,77,89.0,108.0,114.0,117.0,161,183.0,210.0
88,229,215.0,209.0,217,207.0,196.0,191.0,221,231.0,261,265.0,237,228,214.0,177.0,146.0,163,140.0,149.0,154.0,145.0,122,107.0,99.0
89,98,102.0,115.0,140,140.0,144.0,157.0,182,223.0,242,229.0,220,217,153.0,159.0,142.0,129,125.0,131.0,270.0,62.0,49,42.0,32.0
90,37,49.0,74.0,81,48.0,52.0,42.0,45,44.0,55,72.0,88,70,39.0,125.0,160.0,80,92.0,67.0,80.0,87.0,71,70.0,70.0
91,63,69.0,66.0,65,68.0,72.0,72.0,83,78.0,69,72.0,78,113,83.0,83.0,152.0,73,82.0,89.0,99.0,100.0,91,96.0,86.0
92,96,97.0,112.0,86,82.0,102.0,101.0,105,127.0,136,140.0,121,96,82.0,73.0,162.0,69,113.0,80.0,64.0,88.0,187,212.0,208.0
93,232,244.0,226.0,191,179.0,164.0,169.0,153,172.0,224,236.0,186,196,191.0,125.0,157.0,185,131.0,103.0,79.0,89.0,113,131.0,135.0
94,147,156.0,164.0,168,169.0,173.0,167.0,129,101.0,91,63.0,138,115,116.0,99.0,100.0,92,94.0,106.0,90.0,95.0,111,180.0,206.0
95,178,209.0,158.0,137,135.0,114.0,122.0,153,204.0,230,198.0,132,118,116.0,106.0,101.0,101,103.0,101.0,96.0,126.0,164,217.0,253.0
96,238,240.0,191.0,137,136.0,120.0,107.0,97,83.0,85,95.0,91,92,100.0,111.0,87.0,81,80.0,90.0,89.0,128.0,196,240.0,193.0
97,181,312.0,278.0,213,163.0,127.0,133.0,112,125.0,149,148.0,136,136,130.0,114.0,99.0,118,98.0,113.0,98.0,86.0,101,127.0,185.0
98,229,224.0,217.0,195,177.0,191.0,199.0,187,212.0,242,219.0,199,164,199.0,174.0,103.0,102,89.0,73.0,82.0,85.0,151,198.0,128.0
99,228,230.0,210.0,203,187.0,211.0,207.0,244,252.0,282,279.0,177,152,190.0,139.0,96.0,85,81.0,77.0,77.0,90.0,126,202.0,243.0
100,237,236.0,229.0,195,222.0,232.0,216.0,216,206.0,216,274.0,275,131,118.0,102.0,120.0,113,100.0,109.0,118.0,151.0,239,200.0,217.0
101,233,232.0,216.0,250,268.0,254.0,256.0,289,320.0,320,240.0,199,194,180.0,162.0,132.0,148,137.0,110.0,106.0,126.0,173,205.0,234.0
102,238,234.0,240.0,273,208.0,210.0,209.0,211,217.0,212,196.0,228,218,242.0,182.0,175.0,150,152.0,144.0,131.0,117.0,150,220.0,242.0
103,207,207.0,189.0,175,184.0,185.0,190.0,197,220.0,271,260.0,243,238,214.0,178.3526170798898,174.20441988950276,233,210.0,176.0,124.0,128.0,171,210.0,170.0
104,210,193.0,196.0,193,204.0,212.0,205.0,203,280.0,301,308.0,252,237,224.0,269.0,215.0,184,169.0,148.0,134.0,184.0,209,238.0,248.0
105,183,195.0,207.0,179,201.0,210.0,260.0,251,271.0,314,239.0,215,302,273.0,126.0,68.0,185,216.0,150.0,122.0,175.0,245,310.0,216.0
106,273,339.0,297.0,250,266.0,243.0,231.0,243,268.0,273,268.0,264,257,145.0,259.0,236.0,183,173.0,229.0,285.0,275.0,282,362.0,316.0
107,305,268.0,223.0,212,212.0,201.0,184.0,183,210.0,257,274.0,267,276,263.0,241.0,222.0,207,219.0,205.0,163.0,211.0,250,258.0,261.0
108,263,238.0,224.0,207,196.0,183.0,182.0,198,235.0,328,351.0,340,213,231.0,178.3526170798898,174.20441988950276,279,280.0,260.0,241.0,266.0,274,263.0,259.0
109,260,237.0,244.0,250,281.0,399.0,421.0,383,341.0,311,280.0,310,329,178.0,178.0,218.0,265,280.0,307.0,322.0,327.0,326,315.0,306.0
110,295,265.0,246.0,214,200.0,181.0,191.0,187,149.0,130,180.0,221,217,119.0,127.0,247.0,249,238.0,253.0,275.0,293.0,257,271.0,243.0
111,207,183.0,177.0,172,142.0,139.0,121.0,92,97.0,93,100.0,129,271,243.0,195.0,205.0,209,173.0,173.0,169.0,188.0,174,195.0,194.0
112,133,175.0,180.0,177,165.0,108.0,132.0,138,129.0,116,202.64835164835165,136,144,171.0,150.0,153.0,166,44.0,45.0,154.0,159.0,172,202.0,244.0
113,224,225.0,253.0,229,170.0,146.0,135.0,127,150.0,170,166.0,301,221,217.0,239.0,197.0,195,198.0,66.0,217.0,158.0,208,199.0,129.0
114,160,127.0,115.0,130,122.0,124.0,135.0,130,136.0,173,185.0,198,228,269.0,262.0,289.0,290,239.0,249.0,223.0,201.0,200,190.0,195.0
115,211,200.0,189.0,179,175.0,147.0,133.0,133,144.0,170,171.0,213,261,221.0,201.0,213.0,211,187.0,160.0,156.0,167.0,193,212.0,210.0
116,232,200.0,218.0,230,239.0,231.0,231.0,248,259.0,213,213.0,219,236,226.0,208.0,198.0,200,177.0,174.0,180.0,212.0,226,233.0,260.0
117,249,220.0,209.0,195,218.0,218.0,215.0,229,220.0,263,287.0,288,292,299.0,249.0,219.0,242,205.0,184.0,245.0,263.0,405,364.0,249.0
118,126,91.0,80.0,83,96.0,86.0,81.0,83,122.0,144,158.0,112,116,159.0,214.0,199.0,195,210.0,164.0,130.0,146.0,169,188.0,198.0
119,205,218.0,230.0,242,243.0,227.0,229.0,217,210.0,204,185.0,186,189,184.0,233.0,231.0,221,220.0,178.0,164.0,162.0,160,154.0,155.0
120,143,161.0,148.0,113,96.0,93.0,100.0,100,130.0,122,134.0,138,159,123.0,126.0,113.0,101,102.0,101.0,109.0,111.0,101,134.0,121.0
121,148,107.0,112.0,84,78.0,69.0,69.0,63,69.0,86,89.0,75,118,155.0,93.0,89.0,65,68.0,62.0,80.0,81.0,94,92.0,101.0
122,98,92.0,89.0,77,69.0,63.0,67.0,67,67.0,72,82.0,88,82,166.0,89.0,98.0,138,99.0,101.0,72.0,86.0,96,86.0,87.0
123,90,93.0,92.0,96,103.0,111.0,94.0,107,104.0,102,108.0,106,90,87.0,105.0,153.0,128,87.0,104.0,67.0,69.0,87,63.0,70.0
124,73,74.0,75.0,74,71.0,78.0,78.0,74,78.0,81,90.0,80,74,80.0,97.0,101.0,99,99.0,113.0,121.0,119.0,135,158.0,238.0
125,225,215.0,200.0,185,187.0,171.0,166.0,189,160.0,133,124.0,128,137,164.0,154.0,144.0,125,129.0,121.0,123.0,121.0,156,200.0,239.0
126,298,294.0,264.0,245,267.0,270.0,287.0,313,329.0,353,316.0,254,218,206.0,246.0,163.0,141,124.0,116.0,117.0,112.0,110,145.0,180.0
127,202,200.0,197.0,169,158.0,141.0,132.0,132,153.0,200,212.0,208,218,238.0,273.0,271.0,253,235.0,210.0,231.0,219.0,189,175.0,164.0
128,157,166.0,155.0,149,142.0,141.0,142.0,137,163.0,174,169.0,136,160,169.0,173.0,170.0,167,166.0,156.0,155.0,151.0,177,186.0,161.0
129,142,147.0,155.0,147,160.0,193.0,220.0,259,278.0,340,350.0,323,315,272.0,173.0,271.0,160,201.0,195.0,202.0,213.0,239,271.0,296.0
130,292,288.0,281.0,294,294.0,311.0,323.0,330,338.0,342,278.0,209,206,200.0,185.0,185.0,193,196.0,184.0,166.56749311294766,179.65934065934067,221,265.0,288.0
131,302,289.0,293.0,288,292.0,295.0,297.0,315,337.0,376,373.0,359,214,166.0,172.0,177.0,229,243.0,205.0,194.0,214.0,237,262.0,185.0
132,244,191.0,204.0,198,188.0,194.0,193.0,182,198.0,191,151.0,214,264,198.0,266.0,230.0,217,211.0,216.0,217.0,268.0,306,320.0,318.0
133,314,295.0,272.0,268,265.0,251.0,302.0,267,272.0,242,246.0,232,261,237.0,309.0,293.0,257,229.0,222.0,249.0,283.0,298,302.0,308.0
134,335,319.0,307.0,299,277.0,279.0,294.0,313,331.0,362,394.0,390,430,419.0,401.0,387.0,380,363.0,368.0,356.0,386.0,447,266.0,305.0
135,300,229.0,312.0,324,265.0,191.0,131.0,113,161.0,169,182.0,153,186,255.0,208.0,195.0,191,187.0,209.0,248.0,193.0,198,221.0,301.0
136,305,193.0,123.0,196,139.0,242.0,232.0,169,238.0,354,297.0,431,291,397.0,443.0,390.0,166,201.0,221.0,240.0,285.0,313,327.0,416.0
137,444,349.0,346.0,341,339.0,240.0,222.0,223,235.0,277,278.0,304,287,254.0,241.0,261.0,281,279.0,265.0,270.0,283.0,299,269.0,205.0
138,172,134.0,104.0,91,107.0,197.0,170.0,88,77.0,78,67.0,67,75,76.0,176.0,173.0,187,188.0,185.0,193.0,169.0,152,133.0,132.0
139,137,129.0,113.0,129,129.0,134.0,133.0,129,131.0,126,135.0,137,114,120.0,149.0,219.0,179,170.0,185.0,157.0,192.0,168,232.0,239.0
140,225,216.0,204.0,190,176.0,184.0,199.0,211,223.0,218,186.0,184,201,184.0,200.0,235.0,195,199.0,104.0,95.0,83.0,77,174.0,171.0
141,168,186.0,163.0,149,129.0,134.0,137.0,134,154.0,220,256.0,246,262,247.0,254.0,234.0,208,221.0,201.0,171.0,167.0,214,251.0,246.0
142,268,306.0,258.0,269,247.0,223.0,184.0,169,161.0,281,322.0,292,293,291.0,270.0,246.0,253,273.0,266.0,255.0,248.0,248,245.0,238.0
143,240,199.0,187.0,181,179.0,155.0,146.0,143,179.0,210,224.0,186,176,223.0,212.0,200.0,159,157.0,190.0,222.0,271.0,418,415.0,354.0
144,299,328.0,177.0,129,130.0,119.0,118.0,104,130.0,142,162.0,123,134,213.0,197.0,154.0,177,147.0,134.0,123.0,166.0,136,99.0,83.0
145,95,83.0,80.0,85,79.0,88.0,74.0,72,75.0,89,104.0,103,110,96.0,150.0,134.0,116,122.0,195.0,179.0,217.0,263,257.0,113.0
146,133,106.0,106.0,146,119.0,101.0,101.0,96,132.0,131,91.0,71,64,200.0,162.0,123.0,126,138.0,125.0,134.0,151.0,160,175.0,201.0
147,168,139.0,104.0,81,86.0,88.0,106.0,182,169.0,96,70.0,67,53,63.0,74.0,96.0,107,79.0,56.0,81.0,92.0,90,119.0,119.0
148,127,114.0,68.0,86,86.0,99.0,102.0,97,178.0,172,154.0,131,132,117.0,105.0,141.0,94,95.0,89.0,91.0,97.0,139,154.0,127.0
149,119,102.0,95.0,95,89.0,75.0,83.0,81,77.0,75,92.0,107,116,139.0,154.0,152.0,122,105.0,102.0,119.0,108.0,119,143.0,178.0
150,233,157.0,121.0,106,97.0,95.0,113.0,119,117.0,129,146.0,122,206,145.0,98.0,90.0,107,136.0,145.0,168.0,172.0,118,116.0,95.0
151,81,87.0,92.0,136,103.0,121.0,77.0,77,105.0,92,98.0,78,87,123.0,86.0,87.0,89,89.0,110.0,80.0,75.0,75,80.0,83.0
152,95,114.0,141.0,108,107.0,116.0,120.0,131,133.0,115,91.0,94,83,82.0,81.0,85.0,104,104.0,90.0,88.0,73.0,91,98.0,150.0
153,128,125.0,102.0,108,106.0,116.0,146.0,169,149.0,116,80.0,104,115,143.0,157.0,156.0,121,108.0,104.0,102.0,94.0,88,97.0,216.32417582417585
154,137,144.0,172.0,162,170.0,192.4972527472528,188.4972527472528,185,192.0,174,114.0,107,141,155.0,136.0,124.0,127,122.0,115.0,123.0,122.0,126,186.0,210.0
155,213,231.0,238.0,240,234.0,215.0,200.0,185,131.0,107,114.0,123,132,150.0,141.0,162.0,173,180.0,183.0,174.0,176.0,174,169.0,181.0
156,200,207.0,209.0,192,159.0,142.0,129.0,148,125.0,149,144.0,138,161,151.0,138.0,136.0,111,109.0,103.0,107.0,107.0,118,194.0,220.0
157,209,199.0,188.0,88,160.0,60.0,53.0,51,65.0,56,64.0,108,137,151.0,116.0,107.0,120,149.0,155.0,186.0,346.0,432,357.0,371.0
158,379,375.0,447.0,435,401.0,358.0,367.0,365,315.0,260,226.0,231,227,210.0,232.0,247.0,243,231.0,201.0,180.0,173.0,195,212.0,210.0
159,204,200.0,195.0,194,184.0,162.0,141.0,141,145.0,172,190.0,166,176,192.0,191.0,180.0,185,192.0,187.0,184.0,190.0,212,264.0,229.0
160,232,237.0,223.0,233,214.0,159.0,120.0,125,120.0,107,115.0,133,141,136.0,133.0,118.0,118,124.0,135.0,153.0,180.0,145,142.0,102.0
161,86,85.0,84.0,97,105.0,111.0,83.0,79,135.0,141,156.0,254,260,258.0,261.0,268.0,278,278.0,252.0,253.0,220.0,231,212.0,195.0
162,206,189.0,153.0,153,132.0,103.0,87.0,85,92.0,98,104.0,111,113,134.0,163.0,197.0,206,192.0,199.0,225.0,235.0,234,226.0,214.0
163,211,209.0,190.0,170,140.0,112.0,104.0,85,156.0,93,109.0,109,129,166.0,266.0,282.0,272,246.0,217.0,227.0,236.0,264,264.0,242.0
164,219,208.0,212.0,231,242.0,239.0,251.0,221,212.0,228,263.0,193,273,278.0,255.0,233.0,233,262.0,295.0,334.0,317.0,283,261.0,245.0
165,214,179.0,185.0,210,214.0,217.0,189.0,205,187.46153846153845,239,271.0,234,255,221.0,211.0,209.0,205,201.0,197.0,193.0,120.0,139,140.0,163.0
166,175,163.0,142.0,135,141.0,144.0,142.0,143,145.0,154,222.0,227,228,214.0,228.0,219.0,208,186.0,178.0,163.0,147.0,143,139.0,141.0
167,133,121.0,118.0,120,119.0,130.0,131.0,158,156.0,125,131.0,154,136,133.0,121.0,119.0,119,82.0,78.0,93.0,99.0,106,139.0,174.0
168,162,156.0,157.0,157,147.0,143.0,138.0,139,143.0,138,140.0,122,147,139.0,139.0,141.0,149,152.0,154.0,133.0,116.0,127,122.0,117.0
169,101,102.0,96.0,71,67.0,67.0,64.0,63,67.0,65,68.0,73,87,87.0,115.0,127.0,130,162.0,126.0,124.0,111.0,114,114.0,115.0
170,115,86.0,72.0,70,64.0,62.0,67.0,66,75.0,54,54.0,48,39,66.0,75.0,87.0,89,88.0,88.0,76.0,95.0,98,116.0,113.0
171,121,115.0,134.0,111,118.0,116.0,112.0,115,109.0,136,129.0,83,84,88.0,98.0,174.20441988950276,105,102.0,93.0,97.0,110.0,109,118.0,120.0
172,117,109.0,109.0,104,99.0,94.0,106.0,127,97.0,89,84.0,79,85,83.0,90.0,103.0,112,125.0,132.0,149.0,162.0,189,171.0,145.0
173,131,119.0,112.0,110,105.0,96.0,92.0,107,114.0,113,111.0,118,125,132.0,143.0,131.0,134,136.0,142.0,145.0,155.0,180,211.0,217.0
174,152,152.0,155.0,169,270.0,275.0,303.0,150,93.0,93,103.0,75,68,103.0,98.0,110.0,119,150.0,185.0,227.0,241.0,238,221.0,217.0
175,230,252.0,261.0,262,266.0,277.0,294.0,290,268.0,131,137.0,122,116,147.0,229.0,240.0,209,178.0,137.0,123.0,129.0,152,147.0,164.0
176,209,176.0,156.0,135,107.0,114.0,114.0,103,103.0,86,62.0,68,70,77.0,71.0,67.0,82,57.0,56.0,48.0,62.0,91,150.0,165.0
177,155,147.0,150.0,146,125.0,125.0,125.0,122,116.0,125,125.0,85,77,78.0,76.0,80.0,89,107.0,130.0,140.0,142.0,143,143.0,146.0
178,149,154.0,157.0,188,190.0,183.0,173.0,170,137.0,130,143.0,141,143,138.0,138.0,123.0,123,115.0,111.0,122.0,141.0,140,139.0,141.0
179,137,128.0,131.0,129,130.0,128.0,222.0,106,113.0,111,108.0,108,108,128.0,118.0,130.0,107,99.0,103.0,110.0,145.0,157,146.0,118.0
180,100,174.0,191.0,216,231.0,237.0,235.0,92,142.0,179,83.0,76,57,52.0,102.0,68.0,68,72.0,87.0,89.0,87.0,92,106.0,109.0
181,125,113.0,112.0,107,116.0,123.0,116.0,91,78.0,83,92.0,106,76,62.0,66.0,49.0,64,59.0,51.0,50.0,53.0,60,66.0,68.0
182,73,79.0,75.0,71,68.0,65.0,62.0,61,59.0,67,74.0,76,76,80.0,76.0,74.0,75,79.0,82.0,81.0,80.0,85,93.0,97.0
183,101,93.0,81.0,85,75.0,73.0,72.0,70,78.0,88,83.0,77,80,87.0,92.0,101.0,112,111.0,115.0,99.0,99.0,128,144.0,172.0
184,188,211.0,204.0,200,164.0,133.0,114.0,123,138.0,131,127.0,117,105,97.0,98.0,95.0,96,110.0,112.0,117.0,173.0,247,276.0,284.0
185,267,251.0,239.0,226,232.0,233.0,173.0,150,123.0,123,117.0,119,136,134.0,119.0,105.0,80,125.0,192.0,146.0,121.0,101,104.0,138.0
186,164,188.0,181.0,176,72.0,89.0,93.0,117,150.0,145,120.0,78,79,80.0,93.0,86.0,81,80.0,84.0,92.0,84.0,73,75.0,103.0
187,122,107.0,101.0,110,90.0,90.0,90.0,103,108.0,102,97.0,91,71,66.0,68.0,68.0,70,70.0,58.0,59.0,139.0,70,69.0,71.0
188,71,78.0,79.0,74,81.0,80.0,77.0,75,75.0,93,98.0,87,89,82.0,87.0,84.0,81,85.0,82.0,79.0,123.0,88,85.0,87.0
189,91,89.0,85.0,84,94.0,67.0,52.0,45,45.0,52,62.0,72,75,84.0,100.0,81.0,85,83.0,82.0,98.0,97.0,94,82.0,98.0
190,96,98.0,96.0,96,93.0,90.0,77.0,74,66.0,123,73.0,163,72,84.0,83.0,84.0,86,85.0,77.0,75.0,75.0,74,82.0,81.0
191,82,84.0,83.0,82,84.0,79.0,80.0,79,79.0,76,75.0,80,100,80.0,91.0,84.0,69,58.0,101.0,108.0,87.0,69,70.0,72.0
192,77,69.0,67.0,72,78.0,84.0,72.0,69,103.0,110,120.0,114,100,97.0,89.0,88.0,85,88.0,110.0,115.0,137.0,149,145.0,127.0
193,121,123.0,119.0,128,115.0,101.0,96.0,91,96.0,107,103.0,100,112,116.0,121.0,120.0,115,117.0,118.0,121.0,118.0,93,87.0,108.0
194,109,102.0,87.0,79,81.0,85.0,82.0,83,88.0,107,108.0,78,84,97.0,85.0,89.0,93,93.0,95.0,95.0,82.0,79,78.0,82.0
195,93,104.0,72.0,70,59.0,61.0,59.0,61,67.0,78,78.0,82,82,79.0,75.0,71.0,68,84.0,86.0,82.0,79.0,100,110.0,115.0
196,107,117.0,107.0,93,85.0,83.0,79.0,81,81.0,84,86.0,94,97,94.0,91.0,87.0,95,116.0,114.0,110.0,120.0,128,107.0,80.0
197,72,77.0,62.0,62,60.0,56.0,53.0,52,51.0,63,65.0,77,81,71.0,68.0,62.0,58,60.0,55.0,53.0,61.0,58,67.0,72.0
198,63,69.0,82.0,84,84.0,84.0,80.0,81,87.0,90,96.0,105,106,96.0,95.0,90.0,121,108.0,102.0,107.0,121.0,126,142.0,159.0
199,156,157.0,159.0,150,148.0,135.0,127.0,115,126.0,100,80.0,69,73,51.0,56.0,63.0,72,79.0,70.0,77.0,87.0,94,97.0,82.0
200,75,96.0,103.0,109,100.0,78.0,69.0,61,59.0,72,79.0,78,73,102.0,76.0,90.0,65,64.0,67.0,68.0,69.0,74,81.0,86.0
201,92,101.0,105.0,96,84.0,84.0,89.0,96,98.0,92,90.0,76,85,100.0,89.0,94.0,103,90.0,89.0,88.0,89.0,108,122.0,176.0
202,174,162.0,145.0,135,168.0,152.0,96.0,94,71.0,111,116.0,101,99,183.1401098901099,100.0,90.0,105,108.0,125.0,140.0,145.0,176,185.0,182.0
203,191,178.0,137.0,118,114.0,130.0,105.0,83,70.0,72,79.0,80,92,87.0,86.0,79.0,75,77.0,75.0,74.0,75.0,76,84.0,77.0
204,70,67.0,59.0,59,60.0,63.0,60.0,58,56.0,60,61.0,63,68,65.0,65.0,65.0,65,72.0,69.0,66.0,73.0,78,85.0,98.0
205,105,106.0,97.0,84,86.0,100.0,106.0,100,77.0,90,82.0,68,71,111.0,113.0,67.0,65,71.0,81.0,68.0,72.0,77,79.0,83.0
206,80,84.0,85.0,74,78.0,69.0,70.0,70,68.0,86,90.0,91,96,96.0,93.0,98.0,93,92.0,81.0,64.0,83.0,140,122.0,127.0
207,107,110.0,96.0,85,65.0,61.0,56.0,50,49.0,77,144.0,65,62,59.0,57.0,57.0,47,56.0,65.0,83.0,92.0,90,90.0,82.0
208,73,78.0,78.0,77,69.0,64.0,62.0,74,95.0,118,119.0,114,82,82.0,104.0,119.0,127,142.0,140.0,126.0,103.0,99,95.0,87.0
209,83,78.0,69.0,66,63.0,58.0,54.0,49,50.0,62,64.0,76,79,72.0,69.0,119.0,162,100.0,81.0,68.0,58.0,52,53.0,69.0
210,51,52.0,51.0,47,48.0,46.0,51.0,79,47.0,67,68.0,104,68,71.0,111.0,69.0,63,60.0,50.0,53.0,60.0,56,52.0,51.0
211,51,49.0,56.0,47,45.0,47.0,47.0,43,43.0,60,59.0,69,69,63.0,64.0,63.0,67,65.0,60.0,59.0,64.0,66,93.0,71.0
212,65,60.0,60.0,65,64.0,72.0,74.0,64,60.0,72,73.0,81,80,66.0,74.0,73.0,83,75.0,68.0,83.0,81.0,89,100.0,104.0
213,105,91.0,87.0,78,70.0,60.0,56.0,67,77.0,78,84.0,88,90,80.0,84.0,85.0,84,84.0,90.0,95.0,84.0,75,71.0,72.0
214,71,71.0,77.0,70,66.0,64.0,62.0,62,84.0,95,96.0,95,93,83.0,94.0,95.0,91,94.0,95.0,95.0,103.0,97,93.0,88.0
215,84,85.0,82.0,69,65.0,59.0,60.0,71,79.0,106,92.0,90,89,84.0,83.0,81.0,92,95.0,96.0,97.0,86.0,83,79.0,85.0
216,87,69.0,63.0,83,58.0,74.0,67.0,62,71.0,75,74.0,69,68,155.0,98.0,89.0,95,105.0,113.0,128.0,120.0,213,139.0,61.0
217,63,70.0,61.0,73,124.0,68.0,125.0,117,45.0,82,68.0,69,118,111.0,71.0,73.0,78,83.0,69.0,67.0,124.0,99,115.0,140.0
218,119,142.0,162.0,102,83.0,69.0,67.0,73,72.0,74,81.0,83,83,105.0,121.0,105.0,101,96.0,100.0,104.0,105.0,119,114.0,110.0
219,111,119.0,120.0,136,141.0,133.0,114.0,126,120.0,91,95.0,97,122,170.0,142.0,119.0,123,109.0,104.0,138.0,127.0,119,117.0,120.0
220,121,106.0,99.0,99,106.0,107.0,101.0,99,96.0,109,109.0,111,57,101.0,107.0,129.0,148,141.0,147.0,169.0,164.0,149,143.0,134.0
221,129,138.0,138.0,134,131.0,125.0,120.0,125,139.0,135,140.0,165,148,144.0,217.0,199.0,181,79.0,79.0,77.0,80.0,71,72.0,71.0
222,70,68.0,72.0,75,75.0,72.0,76.0,81,78.0,77,85.0,100,111,132.0,123.0,143.0,128,116.0,124.0,131.0,132.0,124,102.0,143.0
223,174,85.0,79.0,83,82.0,86.0,104.0,114,109.0,112,107.0,102,103,105.0,95.0,91.0,93,98.0,108.0,112.0,110.0,114,120.0,129.0
224,119,107.0,98.0,96,94.0,110.0,85.0,87,91.0,93,90.0,116,125,141.0,151.0,149.0,138,137.0,132.0,141.0,130.0,133,131.0,129.0
225,119,116.0,116.0,110,102.0,97.0,101.0,98,95.0,88,86.0,101,102,108.0,117.0,112.0,111,111.0,110.0,110.0,109.0,108,99.0,105.0
226,105,103.0,101.0,99,90.0,86.0,84.0,83,70.0,83,93.0,105,99,121.0,121.0,123.0,109,104.0,94.0,103.0,111.0,111,135.0,130.0
227,120,147.0,153.0,130,133.0,130.0,53.0,135,122.0,103,99.0,96,97,105.0,105.0,104.0,88,81.0,74.0,95.0,93.0,94,110.0,105.0
228,105,102.0,96.0,93,83.0,81.0,70.0,73,77.0,98,100.0,109,124,104.0,99.0,158.0,164,117.0,103.0,102.0,102.0,109,123.0,140.0
229,120,104.0,106.0,103,94.0,90.0,96.0,90,91.0,108,113.0,128,129,55.0,62.0,95.0,104,139.0,136.0,139.0,148.0,144,151.0,156.0
230,178,152.0,146.0,130,141.0,134.0,137.0,133,136.0,124,152.0,91,133,185.0,182.0,159.0,161,164.0,233.0,175.0,179.0,199,219.0,200.0
231,189,184.0,180.0,201,213.0,195.0,215.0,200,136.0,81,64.0,65,74,88.0,79.0,76.0,85,73.0,68.0,76.0,93.0,119,175.0,204.0
232,175,134.0,151.0,195,219.0,246.0,255.0,248,181.0,103,83.0,70,68,77.0,83.0,92.0,92,84.0,77.0,74.0,90.0,125,153.0,163.0
233,163,157.0,154.0,130,125.0,127.0,145.0,207,204.0,164,128.0,99,92,94.0,105.0,118.0,118,101.0,110.0,121.0,143.0,190,185.0,135.0
234,131,158.0,158.0,178,191.0,192.0,159.0,87,79.0,95,116.0,114,126,98.0,92.0,107.0,105,92.0,131.0,135.0,134.0,102,97.0,85.0
235,80,71.0,70.0,78,78.0,78.0,81.0,81,70.0,94,117.0,120,126,120.0,110.0,104.0,108,123.0,130.0,131.0,134.0,143,143.0,138.0
236,130,106.0,97.0,92,89.0,85.0,93.0,105,100.0,107,105.0,106,95,94.0,96.0,101.0,105,112.0,117.0,115.0,117.0,123,118.0,124.0
237,124,113.0,109.0,105,101.0,106.0,108.0,115,116.0,132,135.0,134,135,121.0,130.0,162.0,178,170.0,125.0,132.0,139.0,142,138.0,139.0
238,147,152.0,146.0,142,151.0,150.0,145.0,137,158.0,155,276.0,263,235,232.0,238.0,227.0,195,189.0,206.0,217.0,238.0,195,184.0,176.0
239,180,200.0,226.0,255,265.0,264.0,270.0,270,208.0,196,199.0,202,212,211.0,210.0,215.0,208,202.0,194.0,186.0,166.0,138,134.0,122.0
240,117,107.0,111.0,197,237.0,174.0,154.0,155,107.0,115,108.0,207,138,177.0,180.0,182.0,185,185.0,179.0,177.0,160.0,160,160.0,167.0
241,171,177.0,165.0,110,106.0,102.0,101.0,98,99.0,90,99.0,133,157,158.0,204.0,275.0,204,164.0,177.0,169.0,184.0,185,187.0,187.0
242,180,171.0,181.0,187,189.0,153.0,171.0,148,150.0,151,160.0,142,165,172.0,172.0,183.0,183,178.0,177.0,164.0,160.0,164,164.0,157.0
243,153,147.0,172.0,168,177.0,165.0,171.0,169,180.0,175,145.0,163,145,156.0,189.0,237.0,211,180.0,189.0,172.0,159.0,159,162.0,162.0
244,167,155.0,153.0,163,158.0,155.0,157.0,159,159.0,176,186.0,191,192,181.0,198.0,207.0,197,189.0,209.0,192.0,191.0,181,179.0,191.0
245,194,179.0,189.0,195,190.0,191.0,186.0,172,165.0,172,155.0,179,189,209.0,237.0,249.0,230,244.0,241.0,210.0,156.0,151,152.0,155.0
246,151,146.0,142.0,145,147.0,146.0,147.0,153,155.0,141,136.0,151,157,171.0,173.0,179.0,178,191.0,184.0,175.0,186.0,234,217.0,160.0
247,164,154.0,151.0,178,144.0,166.0,172.0,171,174.0,148,124.0,126,155,196.0,206.0,210.0,202,173.0,183.0,180.0,142.0,153,147.0,148.0
248,144,132.0,135.0,138,141.0,150.0,145.0,124,124.0,129,110.0,130,169,163.0,171.0,165.0,152,185.0,165.0,148.0,143.0,163,165.0,201.0
249,321,200.0,192.0,169,170.0,148.0,140.0,148,134.0,152,141.0,103,106,123.0,116.0,117.0,115,145.0,126.0,118.0,127.0,138,177.0,170.0
250,162,156.0,145.0,145,129.0,117.0,122.0,106,100.0,112,104.0,99,141,156.0,176.0,118.0,146,168.0,202.0,168.0,144.0,129,161.0,176.0
251,177,178.0,182.0,173,153.0,98.0,67.0,60,64.0,77,84.0,68,59,73.0,102.0,69.0,70,66.0,75.0,206.0,200.0,158,107.0,78.0
252,69,54.0,58.0,77,80.0,111.0,92.0,50,43.0,55,57.0,57,58,59.0,63.0,65.0,60,63.0,68.0,62.0,67.0,78,83.0,86.0
253,78,52.0,47.0,46,54.0,63.0,73.0,65,57.0,67,65.0,63,61,60.0,63.0,62.0,60,62.0,57.0,56.0,66.0,67,65.0,66.0
254,63,186.0,43.0,44,42.0,42.0,42.0,42,49.0,66,65.0,65,68,56.0,54.0,65.0,68,72.0,74.0,82.0,97.0,118,130.0,134.0
255,136,125.0,126.0,119,124.0,100.0,95.0,86,75.0,79,80.0,77,84,98.0,99.0,101.0,103,127.0,167.0,174.0,157.0,144,133.0,108.0
256,109,140.0,137.0,124,111.0,104.0,102.0,110,123.0,147,143.0,121,112,106.0,111.0,114.0,124,125.0,141.0,133.0,99.0,98,101.0,118.0
257,199,99.0,123.0,125,142.0,160.0,171.0,163,147.0,86,73.0,75,98,128.0,109.0,102.0,111,100.0,125.0,161.0,162.0,156,158.0,166.0
258,152,151.0,154.0,129,153.0,156.0,143.0,128,134.0,131,100.0,78,72,68.0,70.0,63.0,69,83.0,86.0,117.0,172.0,195,212.0,204.0
259,182,164.0,149.0,167,202.0,206.0,197.0,147,106.0,92,76.0,83,87,113.0,89.0,95.0,123,124.0,108.0,124.0,156.0,155,129.0,104.0
260,100,81.0,82.0,85,109.0,146.0,159.0,157,140.0,130,103.0,82,81,85.0,163.0,180.0,85,87.0,98.0,122.0,100.0,88,101.0,81.0
261,80,71.0,87.0,88,76.0,83.0,83.0,85,86.0,98,124.0,96,85,80.0,76.0,67.0,67,65.0,75.0,88.0,100.0,103,111.0,109.0
262,104,98.0,87.0,78,91.0,92.0,101.0,102,100.0,93,82.0,77,81,87.0,90.0,93.0,100,90.0,95.0,105.0,111.0,122,138.0,147.0
263,151,163.0,156.0,158,147.0,128.0,114.0,120,176.0,184,49.0,51,101,144.0,99.0,98.0,88,91.0,103.0,109.0,150.0,165,197.0,195.0
264,104,162.0,164.0,163,160.0,143.0,138.0,157,153.0,150,154.0,174,173,189.0,179.0,153.0,137,148.0,160.0,145.0,140.0,145,123.0,110.0
265,118,111.0,160.0,141,92.0,130.0,124.0,112,108.0,90,120.0,159,158,183.0,138.0,137.0,158,173.0,180.0,217.0,221.0,251,256.0,267.0
266,210,210.0,232.0,258,239.0,321.0,183.0,192,191.0,145,119.0,112,114,138.0,174.0,187.0,153,144.0,123.0,120.0,187.0,212,226.0,232.0
267,227,217.0,216.0,213,210.0,215.0,215.0,209,209.0,245,303.0,203,162,156.0,254.0,199.0,132,164.0,136.0,128.0,171.0,192,181.0,184.0
268,181,188.0,183.0,179,161.0,167.0,168.0,180,178.0,197,197.0,144,180,192.0,195.0,184.0,164,161.0,213.0,223.0,215.0,246,267.0,264.0
269,235,254.0,257.0,222,174.0,196.0,189.0,188,152.0,176,258.0,195,203,186.0,172.0,179.0,176,181.0,197.0,204.0,201.0,209,206.0,225.0
270,210,212.0,206.0,195,176.0,178.0,187.0,202,172.0,188,182.0,157,170,206.0,203.0,211.0,218,213.0,210.0,207.0,243.0,203,203.0,206.0
271,199,177.0,163.0,156,159.0,157.0,159.0,156,153.0,163,164.0,159,169,181.0,188.0,220.0,207,190.0,265.0,254.0,215.0,215,229.0,229.0
272,201,177.0,198.0,202,228.0,245.0,232.0,212,213.0,207,251.0,225,214,204.0,143.0,156.0,166,199.0,195.0,195.0,191.0,194,191.0,193.0
273,191,184.0,180.0,158,160.0,154.0,155.0,148,176.0,207,247.0,231,218,212.0,189.0,184.0,212,208.0,221.0,196.0,188.0,184,178.0,173.0
274,169,158.0,155.0,154,153.0,151.0,156.0,157,163.0,182,187.0,178,199,209.0,203.0,196.0,191,184.0,181.0,181.0,166.0,149,191.0,203.0
275,199,246.0,243.0,240,214.0,231.0,197.0,120,120.0,130,129.0,189,211,211.0,195.0,183.0,171,167.0,307.0,283.0,260.0,262,268.0,262.0
276,211,251.0,242.0,215,204.0,189.0,182.0,180,196.0,192,247.0,245,239,213.0,243.0,235.0,238,155.0,163.0,213.0,244.0,254,259.0,265.0
277,268,151.0,227.0,220,212.0,212.0,201.0,177,180.0,216,251.0,255,252,213.0,198.0,260.0,227,229.0,203.0,210.0,202.0,215,211.0,214.0
278,219,202.0,190.0,200,205.0,173.0,198.0,225,230.0,261,301.0,311,322,224.0,206.0,220.0,204,192.0,190.0,302.0,268.0,308,296.0,326.0
279,300,338.0,283.0,300,278.0,261.0,248.0,255,251.0,296,279.0,250,218,126.0,119.0,133.0,121,160.0,99.0,119.0,163.0,119,221.0,229.0
280,209,225.0,228.0,156,143.0,143.0,128.0,123,112.0,153,148.0,130,129,151.0,132.0,122.0,169,97.0,178.0,154.0,176.0,199,195.0,170.0
281,231,212.0,219.0,218,200.0,197.0,196.0,178,167.0,130,133.0,98,68,59.0,85.0,86.0,80,83.0,84.0,88.0,92.0,98,86.0,98.0
282,171,104.0,96.0,98,94.0,90.0,87.0,84,71.0,79,92.0,67,63,69.0,177.0,112.0,91,84.0,83.0,93.0,102.0,163,172.0,140.0
283,133,116.0,129.0,124,103.0,88.0,78.0,85,85.0,95,94.0,81,85,82.0,87.0,103.0,105,100.0,96.0,105.0,131.0,141,151.0,162.0
284,152,150.0,176.0,200,216.0,224.0,224.0,235,234.0,242,202.0,157,132,110.0,102.0,96.0,86,83.0,83.0,115.0,119.0,123,174.0,189.0
285,189,136.0,155.0,164,162.0,181.0,203.0,181,191.0,185,184.0,169,140,126.0,114.0,98.0,98,94.0,95.0,101.0,114.0,144,200.0,214.0
286,225,204.0,203.0,206,163.0,169.0,188.0,211,195.0,237,263.0,220,163,145.0,143.0,128.0,141,93.0,88.0,86.0,164.0,133,139.0,178.0
287,201,210.0,227.0,216,209.0,176.0,178.0,177,195.0,217,206.0,189,153,113.0,132.0,109.0,90,94.0,109.0,110.0,165.0,178,195.0,206.0
288,192,174.0,185.0,191,189.0,193.0,186.0,199,191.0,208,271.0,234,111,130.0,183.0,177.0,146,134.0,132.0,129.0,160.0,171,229.0,236.0
289,233,207.0,206.0,217,204.0,185.0,194.0,225,217.0,230,219.0,217,204,152.0,159.0,140.0,140,137.0,142.0,134.0,128.0,122,112.0,123.0
290,111,69.0,123.0,90,71.0,78.0,85.0,81,93.0,92,104.0,100,106,95.0,100.0,100.0,98,179.0,122.0,129.0,132.0,171,195.0,187.0
291,192,193.0,177.0,184,179.0,167.0,159.0,164,171.0,173,165.0,138,133,94.0,81.0,101.0,104,113.0,129.0,173.0,196.0,163,155.0,155.0
292,155,151.0,140.0,147,140.0,139.0,155.0,186,172.0,156,156.0,173,140,102.0,78.0,153.0,151,114.0,102.0,107.0,118.0,130,143.0,180.0
293,191,199.0,192.0,181,192.0,214.0,221.0,228,250.0,246,286.0,278,221,225.0,187.0,154.0,137,124.0,109.0,117.0,125.0,131,151.0,165.0
294,187,237.0,219.0,209,204.0,202.0,219.0,240,240.0,245,307.0,319,292,269.0,232.0,190.0,148,141.0,134.0,136.0,153.0,207,237.0,270.0
295,299,306.0,287.0,279,278.0,283.0,277.0,284,288.0,329,303.0,352,338,334.0,307.0,269.0,217,152.0,117.0,118.0,115.0,121,156.0,163.0
296,172,179.0,194.0,200,203.0,216.0,238.0,254,268.0,212,280.0,203,167,175.0,157.0,133.0,98,90.0,88.0,100.0,122.0,131,141.0,156.0
297,168,187.0,188.0,186,187.0,184.0,187.0,175,168.0,233,261.0,256,219,176.0,133.0,112.0,100,94.0,102.0,100.0,119.0,146,197.0,197.0
298,202,194.0,190.0,226,233.0,232.0,242.0,254,260.0,269,220.0,283,253,213.0,202.0,191.0,153,133.0,130.0,140.0,173.0,199,235.0,247.0
299,252,256.0,261.0,266,267.0,267.0,272.0,279,280.0,297,301.0,209,263,229.0,193.0,201.0,161,132.0,124.0,127.0,147.0,224,249.0,248.0
300,257,239.0,246.0,249,237.0,248.0,267.0,269,263.0,302,334.0,341,284,238.0,226.0,213.0,182,163.0,153.0,135.0,159.0,239,295.0,318.0
301,313,296.0,275.0,273,263.0,258.0,262.0,273,285.0,331,372.0,352,309,260.0,251.0,214.0,166,141.0,138.0,164.0,215.0,233,239.0,246.0
302,240,211.0,200.0,203,212.0,212.0,210.0,255,261.0,244,290.0,206,173,109.0,97.0,103.0,110,118.0,131.0,154.0,217.0,249,256.0,223.0
303,191,198.0,213.0,242,166.0,168.0,169.0,178,220.0,233,293.0,223,216,177.0,126.0,115.0,183,217.0,211.0,227.0,250.0,244,272.0,285.0
304,277,254.0,268.0,269,271.0,270.0,262.0,286,285.0,309,288.0,242,242,275.0,192.0,312.0,316,261.0,284.0,246.0,263.0,299,317.0,310.0
305,306,307.0,286.0,280,275.0,274.0,151.0,122,163.0,173,173.0,187,184,209.0,193.0,169.0,206,210.0,226.0,227.0,235.0,255,361.0,393.0
306,359,222.0,177.0,207,212.0,216.0,205.0,210,276.0,363,376.0,398,403,416.0,420.0,350.0,378,335.0,160.2596685082873,421.0,409.0,407,413.0,380.0
307,352,326.0,316.0,344,349.0,345.0,331.0,333,313.0,314,296.0,364,443,421.0,451.0,424.0,416,392.0,341.0,249.0,386.0,388,404.0,450.0
308,418,415.0,415.0,406,395.0,402.0,405.0,328,344.0,446,475.0,483,487,478.0,344.0,426.0,443,384.0,474.0,469.0,485.0,484,484.0,487.0
309,464,445.0,402.0,386,382.0,413.0,422.0,425,412.0,382,375.0,378,447,383.0,294.0,207.0,259,279.0,312.0,357.0,392.0,413,423.0,419.0
310,411,405.0,406.0,399,397.0,303.0,322.0,403,402.0,423,410.0,398,285,352.0,341.0,260.0,311,330.0,360.0,379.0,367.0,365,386.0,398.0
311,360,381.0,381.0,385,378.0,380.0,372.0,370,371.0,385,399.0,409,367,366.0,302.0,335.0,329,320.0,160.2596685082873,372.0,403.0,412,416.0,427.0
312,429,435.0,420.0,414,414.0,411.0,411.0,407,405.0,413,426.0,350,330,388.0,390.0,373.0,403,161.4478021978022,370.0,356.0,389.0,393,412.0,416.0
313,421,418.0,417.0,418,403.0,406.0,397.0,403,413.0,348,424.0,430,461,338.0,392.0,386.0,357,304.0,283.0,305.0,349.0,367,382.0,410.0
314,427,439.0,446.0,389,346.0,185.0,113.0,90,106.0,104,109.0,94,101,177.0,179.0,115.0,115,125.0,134.0,157.0,169.0,191,241.0,255.0
315,257,240.0,251.0,272,274.0,278.0,268.0,257,249.0,241,213.0,151,131,132.0,124.0,120.0,117,124.0,124.0,124.0,134.0,155,188.0,211.0
316,245,260.0,249.0,243,275.0,238.0,233.0,237,230.0,279,243.0,222,244,133.0,172.0,183.0,136,133.0,130.0,120.0,146.0,257,293.0,214.0
317,246,262.0,386.0,490,371.0,339.0,426.0,422,419.0,409,406.0,433,387,387.0,390.0,378.0,359,290.0,284.0,284.0,297.0,385,403.0,416.0
318,433,446.0,455.0,464,467.0,458.0,426.0,406,399.0,400,393.0,294,305,278.0,260.0,245.0,278,249.0,225.0,205.0,271.0,306,356.0,367.0
319,353,333.0,329.0,326,326.0,329.0,336.0,334,306.0,325,325.0,266,198,286.0,250.0,238.0,269,276.0,270.0,262.0,323.0,368,390.0,358.0
320,333,346.0,344.0,352,363.0,374.0,388.0,395,405.0,421,428.0,447,289,388.0,404.0,408.0,409,409.0,409.0,402.0,402.0,420,452.0,427.0
321,422,447.0,404.0,410,398.0,391.0,388.0,364,394.0,368,345.0,400,372,368.0,290.0,294.0,279,260.0,260.0,315.0,348.0,370,382.0,391.0
322,389,368.0,336.0,330,328.0,320.0,315.0,314,312.0,337,376.0,343,205,265.0,245.0,228.0,224,167.0,173.0,176.0,194.0,213,250.0,254.0
323,246,259.0,245.0,258,237.0,210.0,204.0,204,220.0,275,275.0,292,284,210.0,242.0,243.0,234,203.0,194.0,177.0,199.0,223,260.0,283.0
324,296,279.0,284.0,265,265.0,254.0,244.0,239,256.0,291,313.0,346,242,234.0,227.0,264.0,286,281.0,277.0,316.0,334.0,334,343.0,351.0
325,342,358.0,340.0,339,344.0,340.0,345.0,345,355.0,367,398.0,349,382,249.0,325.0,307.0,303,291.0,290.0,287.0,305.0,324,346.0,356.0
326,358,342.0,336.0,341,349.0,352.0,345.0,348,354.0,365,372.0,394,367,326.0,334.0,328.0,319,324.0,316.0,306.0,362.0,373,348.0,344.0
327,367,379.0,354.0,346,331.0,322.0,321.0,321,340.0,360,376.0,374,320,321.0,304.0,286.0,284,293.0,295.0,327.0,299.0,306,353.0,367.0
328,365,378.0,366.0,350,351.0,405.0,399.0,333,416.0,381,376.0,377,351,291.0,318.0,351.0,349,330.0,326.0,360.0,381.0,362,333.0,351.0
329,344,340.0,324.0,342,338.0,336.0,335.0,336,329.0,340,342.0,347,352,334.0,302.0,292.0,261,230.0,220.0,249.0,284.0,295,307.0,305.0
330,305,307.0,301.0,310,310.0,303.0,300.0,270,281.0,299,301.0,271,323,328.0,318.0,310.0,307,307.0,304.0,307.0,311.0,331,326.0,324.0
331,317,336.0,336.0,329,316.0,310.0,308.0,307,307.0,294,287.0,290,299,309.0,301.0,293.0,236,281.0,287.0,271.0,235.0,234,236.0,233.0
332,226,249.0,226.0,215,213.0,199.0,190.0,172,206.0,200,213.0,206,159,155.0,96.0,107.0,113,123.0,130.0,134.0,159.0,179,189.0,196.0
333,205,228.0,253.0,268,268.0,264.0,261.0,257,276.0,292,299.0,283,246,244.0,264.0,275.0,285,303.0,303.0,303.0,326.0,352,373.0,374.0
334,351,327.0,304.0,306,315.0,290.0,288.0,294,295.0,308,321.0,264,347,294.0,341.0,336.0,333,324.0,322.0,316.0,309.0,350,379.0,368.0
335,349,321.0,310.0,299,253.0,283.0,273.0,268,277.0,283,298.0,329,321,298.0,299.0,284.0,269,266.0,272.0,255.0,324.0,333,337.0,339.0
336,339,322.0,320.0,314,300.0,303.0,272.0,295,285.0,283,345.0,203,301,291.0,291.0,229.0,280,222.0,190.0,181.0,223.0,294,307.0,251.0
337,329,274.0,271.0,225,272.0,266.0,225.0,291,221.0,267,209.0,235,322,229.0,133.0,121.0,253,160.0,165.0,141.0,151.0,269,275.0,261.0
338,247,261.0,260.0,204,259.0,189.0,221.0,177,196.0,235,194.0,259,197,212.0,244.0,286.0,282,254.0,252.0,274.0,273.0,235,234.0,298.0
339,229,215.0,239.0,240,276.0,252.0,254.0,289,262.0,253,321.0,318,236,316.0,224.0,190.0,194,167.0,171.0,160.0,200.0,243,273.0,278.0
340,258,265.0,270.0,273,274.0,239.0,235.0,245,266.0,252,256.0,281,267,210.0,174.0,189.0,157,146.0,194.0,183.0,225.0,254,277.0,260.0
341,268,258.0,270.0,264,275.0,235.0,211.0,188,184.0,199,289.0,303,277,301.0,265.0,275.0,257,212.0,207.0,217.0,255.0,237,256.0,258.0
342,254,268.0,269.0,294,296.0,285.0,291.0,271,262.0,247,268.0,266,230,187.0,162.0,125.0,123,138.0,139.0,143.0,148.0,170,202.0,271.0
343,305,318.0,333.0,362,375.0,304.0,330.0,314,315.0,307,328.0,317,262,219.0,163.0,133.0,124,117.0,112.0,138.0,202.0,266,302.0,318.0
344,298,292.0,291.0,283,287.0,286.0,282.0,266,258.0,268,254.0,257,248,207.0,179.0,183.0,166,167.0,142.0,148.0,197.0,194,234.0,289.0
345,315,317.0,320.0,306,312.0,302.0,297.0,291,274.0,285,291.0,296,223,222.0,211.0,278.0,232,191.0,184.0,199.0,282.0,269,322.0,328.0
346,319,324.0,320.0,307,327.0,286.0,294.0,288,294.0,311,328.0,325,342,231.0,252.0,233.0,249,224.0,210.0,309.0,270.0,258,257.0,268.0
347,276,279.0,264.0,250,251.0,272.0,266.0,253,262.0,299,327.0,301,253,200.0,263.0,200.0,211,173.0,186.0,176.0,243.0,315,324.0,341.0
348,333,345.0,344.0,340,345.0,342.0,330.0,321,323.0,345,360.0,197,235,242.0,193.0,234.0,226,199.0,162.0,155.0,252.0,289,313.0,301.0
349,338,323.0,328.0,319,314.0,308.0,310.0,300,294.0,303,317.0,318,244,290.0,286.0,265.0,248,201.0,175.0,214.0,246.0,279,212.2142857142857,341.0
350,357,357.0,329.0,330,326.0,321.0,322.0,330,332.0,351,366.0,386,222,315.0,290.0,221.0,171,156.0,151.0,162.0,229.0,257,306.0,338.0
351,347,350.0,334.0,331,325.0,327.0,310.0,300,302.0,317,297.0,254,209,200.0,163.0,161.0,127,121.0,148.0,150.0,224.0,291,323.0,332.0
352,340,340.0,336.0,345,311.0,334.0,299.0,234,216.0,238,287.0,252,184,226.0,196.0,161.0,161,184.0,152.0,132.0,132.0,201,219.0,238.0
353,228,206.0,194.0,197,214.0,213.0,206.0,212,216.0,195,243.0,192,237,236.0,225.0,183.0,168,167.0,150.0,125.0,153.0,190,230.0,231.0
354,230,220.0,203.0,195,195.0,194.0,184.0,194,196.0,196,216.0,214,189,223.0,130.0,144.0,170,149.0,205.0,227.0,257.0,303,311.0,287.0
355,252,240.0,268.0,250,218.0,207.0,217.0,235,214.0,228,284.0,203,314,313.0,301.0,264.0,250,243.0,250.0,231.0,250.0,292,316.0,320.0
356,326,327.0,329.0,325,310.0,310.0,317.0,312,312.0,320,331.0,349,355,363.0,357.0,338.0,330,339.0,343.0,348.0,354.0,375,402.0,400.0
357,404,400.0,403.0,395,393.0,398.0,410.0,410,416.0,368,339.0,323,306,295.0,266.0,241.0,210,186.0,180.0,161.0,221.0,266,308.0,328.0
358,330,335.0,336.0,343,330.0,326.0,325.0,322,330.0,343,353.0,371,331,323.0,323.0,311.0,289,251.0,230.0,239.0,287.0,311,325.0,335.0
359,338,348.0,341.0,329,328.0,315.0,309.0,292,284.0,307,272.0,286,322,313.0,302.0,280.0,242,233.0,245.0,252.0,267.0,314,315.0,307.0
360,301,319.0,307.0,289,281.0,284.0,286.0,280,286.0,294,292.0,216,326,358.0,316.0,235.0,175,176.0,192.0,266.0,295.0,355,362.0,395.0
361,366,347.0,345.0,335,328.0,347.0,354.0,352,357.0,342,322.0,268,277,337.0,347.0,323.0,315,307.0,307.0,312.0,296.0,299,288.0,297.0
362,281,248.0,196.0,173,162.0,155.0,119.0,131,129.0,124,137.0,181,157,213.0,241.0,231.0,232,266.0,267.0,266.0,284.0,313,332.0,320.0
363,316,295.0,274.0,267,232.0,225.0,208.0,202,185.0,180,187.0,214,271,314.0,284.0,271.0,277,270.0,262.0,256.0,251.0,278,306.0,323.0
364,321,316.0,307.0,306,298.0,304.0,300.0,282,257.0,230,233.0,221,222,231.0,261.0,276.0,275,243.0,262.0,271.0,269.0,319,354.0,352.0
365,335,326.0,326.0,320,306.0,299.0,297.0,296,288.0,280,277.0,282,274,271.0,273.0,273.0,232,209.0,196.0,194.0,190.0,223,259.0,274.0
